<?xml version="1.0" encoding="UTF-8"?>
<configuration>

	<property name="LOGS" value="./logs" />

	<appender name="Console"
		class="ch.qos.logback.core.ConsoleAppender">
		<layout class="ch.qos.logback.classic.PatternLayout">
			<Pattern>%d{yyyy-MM-dd} | %d{HH:mm:ss.SSS} | %thread | %5p | %logger{25} | %m%n%ex</Pattern>
		</layout>
	</appender>

	<appender name="RollingFile"
		class="ch.qos.logback.core.rolling.RollingFileAppender">
		<file>${LOGS}/precise-logger.log</file>
		<encoder
			class="ch.qos.logback.classic.encoder.PatternLayoutEncoder">
			<Pattern>%d %p %C{1.} [%t] %m%n</Pattern>
		</encoder>

		<rollingPolicy
			class="ch.qos.logback.core.rolling.TimeBasedRollingPolicy">
			<!-- rollover daily and when the file reaches 10 MegaBytes -->
			<fileNamePattern>${LOGS}/archived/precise-logger-%d{yyyy-MM-dd}.%i.log
			</fileNamePattern>
			<timeBasedFileNamingAndTriggeringPolicy
				class="ch.qos.logback.core.rolling.SizeAndTimeBasedFNATP">
				<maxFileSize>10MB</maxFileSize>
			</timeBasedFileNamingAndTriggeringPolicy>
		</rollingPolicy>
	</appender>

	<root level="info">
		<appender-ref ref="RollingFile" />
		<appender-ref ref="Console" />
	</root>

	<logger name="com.bayer.pmodi" level="trace" additivity="false">
		<appender-ref ref="RollingFile" />
		<appender-ref ref="Console" />
	</logger>

	<!-- <logger name="org.springframework.transaction" level="trace" additivity="false">
		<appender-ref ref="RollingFile" />
		<appender-ref ref="Console" />
	</logger> -->

</configuration>