{
  "appTitle": "PRECISE",
  "endpoints": {
    "restAPIs": {},
    "security": {
      "usePermissionChecks": false
    },
    "pageSize": {
      "projectSize": 16,
      "segmentSize": 4
    },
    "language": "en",
    "headerHeight": 50,
    "csvSeparator": ",",
    "defaultPort": "8080",
    "defaultProtocol": "http",
    "defaultHost": "bayer-cs-rdpmodi-dev.bayer.vmserver"
  },
  "propertyInfo": {
    "defaultInfo": {
      "defaultColumn": false,
      "grouping": false,
      "sorting": true
    },
    "project": [
      {
        "field": "preciseNewportId",
        "label": "NewPort#",
        "title": "NewPort Number",
        "defaultColumn": true,
        "order": 1,
        "editable": "never"
      },
      {
        "field": "newportName",
        "label": "Project Name",
        "title": "Project Name",
        "defaultColumn": true,
        "order": 2,
        "editable": "never"
      },
      {
        "field": "newportSpg",
        "label": "SPG (NewPort)",
        "title": "SPG (NewPort)",
        "order": 3,
        "editable": "never"
      },
      {
        "field": "newportPlt",
        "label": "PLT (NewPort)",
        "title": "PLT (NewPort)",
        "order": 4,
        "editable": "never"
      },
      {
        "field": "newportFreeText",
        "label": "Free Text Name",
        "title": "Free Text Name",
        "order": 5,
        "editable": "never"
      },
      {
        "field": "id",
        "label": "PRECISE ID",
        "title": "ID",
        "order": 6,
        "editable": "never"
      },
      {
        "field": "newportLaunchYear",
        "label": "NewPort Launch Year",
        "title": "Launch Year",
        "order": 7,
        "type": "date",
        "editable": "never",
        "width": "150px"
      },
      {
        "field": "newportCategory",
        "label": "Project Category",
        "title": "Project Category",
        "grouping": true,
        "order": 8,
        "editable": "never"
      },
      {
        "field": "newportLeadAi",
        "label": "Lead AI (NewPort)",
        "title": "LeadAI",
        "order": 9,
        "grouping": true,
        "editable": "never"
      },
      {
        "field": "newportBusinessUnit",
        "label": "Business Unit",
        "title": "Business Unit",
        "order": 10,
        "editable": "never"
      },
      {
        "field": "newportStatus",
        "label": "Project Status",
        "title": "Project Status",
        "defaultColumn": true,
        "grouping": true,
        "order": 11,
        "editable": "never"
      },
      {
        "field": "newportObjective",
        "label": "Project Rationale & Positioning",
        "title": "Project Rationale",
        "order": 12,
        "editable": "never"
      },
      {
        "field": "newportProductProfile",
        "label": "Product Profile",
        "title": "Product Profile",
        "order": 13,
        "editable": "never"
      },
      {
        "field": "newportSuccessFactors",
        "label": "Important Success Factors",
        "title": "Success Factors",
        "order": 14,
        "editable": "never"
      },
      {
        "field": "globalPortfolioGuidance",
        "label": "Portfolio Guidance (Non-Core A.I. & Financial Hurdles)",
        "title": "Global Portfolio Guidance",
        "order": 15
      },
      {
        "field": "globalRegGuidance",
        "label": "Regulatory Guidance  ('No Go' and IT/MRL)",
        "title": "Global Regulatory Guidance",
        "order": 16
      },
      {
        "field": "labelForSafeUse",
        "label": "L4SU/QuickScan Check Outcome",
        "title": "L4SU/QuickScan Check Outcome",
        "order": 17
      },
      {
        "field": "developmentFunctions",
        "label": "Development Functions Position",
        "title": "Development Functions Position",
        "order": 18
      },
      {
        "field": "specificProjectFramework",
        "label": "Specific Project Framework",
        "title": "Specific Project Framework",
        "order": 19
      },
      {
        "field": "thirdPartyAiRegCheck",
        "label": "3rd Party AI Regulatory Check",
        "title": "3rd Party AI Regulatory Check",
        "order": 20
      },
      {
        "field": "sustainabilityAssessment",
        "label": "Sustainability Assessment",
        "title": "Sustainability Assessment",
        "order": 21,
        "hiddenColumn": true
      },
      {
        "field": "intelectualPropertyAssessment",
        "label": "Intellectual Property Assessment",
        "title": "Intellectual Property Assessment",
        "order": 22
      },
      {
        "field": "newportIndication",
        "label": "NewPort Indication",
        "title": "Indication",
        "order": 23,
        "editable": "never"
      },
      {
        "field": "newportInitiator",
        "label": "Project Manager",
        "title": "Manager",
        "order": 24,
        "editable": "never"
      },
      {
        "field": "newportInitiatorId",
        "label": "Project Manager CWID",
        "title": "Manager CWID",
        "order": 25,
        "editable": "never"
      },
      {
        "field": "newportGlobalNpvYear10",
        "label": "NPV 10 Years (k€)",
        "title": "NPV 10 Years (k€)",
        "formatter": "withThousandSeparator",
        "order": 26,
        "type": "numeric",
        "editable": "never"
      },
      {
        "field": "newportGlobalExpectedNpvYear10",
        "label": "Expected NPV 10 Years (k€)",
        "title": "eNPV 10 Years (k€)",
        "formatter": "withThousandSeparator",
        "order": 27,
        "type": "numeric",
        "editable": "never"
      },
      {
        "field": "newportGlobalPeakNetSales",
        "label": "Peak Net Sales (k€)",
        "title": "Peak Net Sales (k€)",
        "formatter": "withThousandSeparator",
        "defaultColumn": true,
        "type": "numeric",
        "order": 28,
        "editable": "never",
        "width": "200px"
      },
      {
        "field": "newportGlobalIgmPeakYear",
        "label": "IGM at Peak",
        "title": "IGM at Peak",
        "formatter": "withThousandSeparator",
        "order": 29,
        "type": "numeric",
        "editable": "never"
      },
      {
        "field": "newportGlobalPeakYearIgmIncremental",
        "label": "Inc. IGM at Peak",
        "title": "Inc. IGM at Peak",
        "formatter": "withThousandSeparator",
        "order": 30,
        "type": "numeric",
        "editable": "never"
      },
      {
        "field": "newportGlobalFutureProjectCost",
        "label": "Future Project Cost (k€)",
        "title": "Future Project Cost (k€)",
        "formatter": "withThousandSeparator",
        "order": 31,
        "type": "numeric",
        "editable": "never",
        "width": "300px"
      },
      {
        "field": "newportGlobalProductivityIndex",
        "label": "Productivity Index",
        "title": "Productivity Index",
        "formatter": "withThousandSeparator",
        "order": 32,
        "type": "numeric",
        "editable": "never",
        "width": "200px"
      },
      {
        "field": "newportGlobalPeakNetSalesIncremental",
        "label": "Inc. Peak Net Sales (k€)",
        "title": "Inc. Peak Net Sales (k€)",
        "formatter": "withThousandSeparator",
        "order": 33,
        "type": "numeric",
        "editable": "never",
        "width": "300px"
      },
      {
        "field": "newportProductHierarchy",
        "label": "Product Hierarchy",
        "title": "Product Hierarchy",
        "order": 34,
        "editable": "never"
      },
      {
        "field": "overallPtrsScore",
        "label": "PTRS Score (%)",
        "title": "Project PTRS (%)",
        "type": "numeric",
        "formatter": "toPercent",
        "parser": "fromPercent",
        "defaultColumn": true,
        "order": 35,
        "editable": "never"
      },
      {
        "field": "ftPtrsScore",
        "label": "FT PTRS Score (%)",
        "title": "FT Score (%)",
        "formatter": "toPercent",
        "parser": "fromPercent",
        "type": "numeric",
        "auditLogFields": ["ftPtrsScore", "ftPtrsScoreRmk"],
        "order": 36
      },
      {
        "field": "ftPtrsScoreRmk",
        "label": "FT PTRS Rationale",
        "title": "FT Rationale",
        "order": 37
      },
      {
        "field": "fsPtrsScore",
        "label": "FS PTRS Score (%)",
        "title": "FS Score (%)",
        "formatter": "toPercent",
        "parser": "fromPercent",
        "type": "numeric",
        "auditLogFields": ["fsPtrsScore", "fsPtrsScoreRmk"],
        "order": 38
      },
      {
        "field": "fsPtrsScoreRmk",
        "label": "FS Rationale",
        "title": "FS Rationale",
        "order": 39
      },
      {
        "field": "rsPtrsScore",
        "label": "RS PTRS Score (%)",
        "title": "RS Score (%)",
        "formatter": "toPercent",
        "parser": "fromPercent",
        "order": 40,
        "editable": "never",
        "width": "130px"
      },
      {
        "field": "rsPtrsScoreRmk",
        "label": "RS Rationale",
        "title": "RS Rationale",
        "order": 41
      },
      {
        "field": "rsEnsaPtrsScore",
        "label": "EnSa (%)",
        "title": "EnSa Score (%)",
        "formatter": "toPercent",
        "parser": "fromPercent",
        "auditLogFields": ["rsEnsaPtrsScore", "rsEnsaPtrsScoreRmk"],
        "order": 42
      },
      {
        "field": "rsEnsaPtrsScoreRmk",
        "label": "Rationale",
        "title": "EnSa Rationale",
        "order": 43
      },
      {
        "field": "rsOperatorPtrsScore",
        "label": "Operator Risk (%)",
        "title": "ORE Score (%)",
        "formatter": "toPercent",
        "parser": "fromPercent",
        "auditLogFields": ["rsOperatorPtrsScore", "rsOperatorPtrsScoreRmk"],
        "order": 44
      },
      {
        "field": "rsOperatorPtrsScoreRmk",
        "label": "Rationale",
        "title": "ORE Rationale",
        "order": 45
      },
      {
        "field": "rsDietaryPtrsScore",
        "label": "Dietary Safety (%)",
        "title": "Dietary Safety Score (%)",
        "formatter": "toPercent",
        "parser": "fromPercent",
        "auditLogFields": ["rsDietaryPtrsScore", "rsDietaryPtrsScoreRmk"],
        "order": 46
      },
      {
        "field": "rsRegAffairsScore",
        "label": "Regulatory Affairs Score (%)",
        "title": "Regulatory Affairs Score (%)",
        "formatter": "toPercent",
        "parser": "fromPercent",
        "auditLogFields": ["rsRegAffairsScore", "rsRegAffairsScoreRmk"],
        "order": 47
      },
      {
        "field": "rsDietaryPtrsScoreRmk",
        "label": "Dietary Safety Rationale",
        "title": "Dietary Safety Rationale",
        "order": 48
      },
      {
        "field": "rsRegAffairsScoreRmk",
        "label": "Regulatory Affairs Rationale",
        "title": "Regulatory Affairs Rationale",
        "order": 49
      },
      {
        "field": "ptrsFollowUp",
        "label": "Marked for Follow Up",
        "title": "Marked for Follow Up",
        "order": 50,
        "formatter": "toBoolean",
        "lookup": { "true": "Yes", "null": "No" }
      },
      {
        "field": "strategicFitRmk",
        "label": "Strategic Fit Remarks",
        "title": "Strategic Fit Remarks",
        "order": 51
      },
      {
        "field": "prioritizationGovernance",
        "label": "Prioritization Governance",
        "title": "Prioritization Governance",
        "grouping": true,
        "order": 52,
        "lookup": { "GLOBAL": "Global", "REGIONAL": "Regional" }
      },
      {
        "field": "prioritizationType",
        "label": "Project Priority",
        "title": "Project Priority",
        "grouping": true,
        "order": 53,
        "lookup": { "A": "A", "B": "B", "Cancelled": "Cancelled", "null": "No Category" }
      },
      {
        "field": "prioritizationRmk",
        "label": "Priority Remarks",
        "title": "Priority Remarks",
        "auditLogFields": ["prioritizationGovernance", "prioritizationType", "prioritizationRmk"],
        "order": 54
      },
      {
        "field": "weightedRsScore",
        "label": "Weighted Segment RS Score (%)",
        "title": "Weighted Segment RS Score (%)",
        "sorting": false,
        "editable": "never",
        "order": 55
      },
      {
        "field": "weightedFsScore",
        "label": "Weighted Segment FS Score (%)",
        "title": "Weighted Segment FS Score (%)",
        "sorting": false,
        "editable": "never",
        "order": 56
      },
      {
        "field": "techResponsability",
        "label": "FT Responsibility",
        "title": "FT Responsibility",
        "order": 57
      },
      {
        "field": "newportProjectCreated",
        "label": "Project Creation Date",
        "title": "Project Creation Date",
        "order": 58,
        "editable": "never"
      },
      {
        "field": "approvalDate",
        "label": "Project Approval Date",
        "title": "Project Approval Date",
        "order": 59,
        "editable": "never"
      },
      {
        "field": "techRecommendation",
        "label": "FT Recommendation",
        "title": "FT Recommendation",
        "order": 60,
        "editable": "never"
      },
      {
        "field": "solRecommendation",
        "label": "FS Recommendation",
        "title": "FS Recommendation",
        "order": 61,
        "editable": "never"
      },
      {
        "field": "scienceRecommendation",
        "label": "RS Recommendation",
        "title": "RS Recommendation",
        "order": 62,
        "editable": "never"
      },
      {
        "field": "categoryChangedDateNASToLCM",
        "label": "Category changed from New active substance development to",
        "title": "Category changed from New active substance development to",
        "editable": "never",
        "order": 63,
        "hiddenColumn": true
      },
      {
        "field": "categoryChangedDateNFPCToFD",
        "label": "Category changed from New formulation POC to Formulation development",
        "title": "Category changed from New formulation POC to Formulation development",
        "editable": "never",
        "order": 64,
        "hiddenColumn": true
      }
    ],
    "segment": [
      {
        "field": "preciseNewportId",
        "label": "Newport #",
        "title": "NewPort Number",
        "defaultColumn": true,
        "order": 1,
        "editable": "never"
      },
      {
        "field": "newportName",
        "label": "Project Name",
        "title": "Project Name",
        "defaultColumn": true,
        "order": 2,
        "editable": "never"
      },
      {
        "field": "newportFreeText",
        "label": "Free Text Name",
        "title": "Free Text Name",
        "defaultColumn": true,
        "order": 3,
        "editable": "never"
      },
      {
        "field": "countryName",
        "label": "Country",
        "title": "Country",
        "defaultColumn": true,
        "order": 4,
        "editable": "never",
        "width": "200px"
      },
      {
        "field": "cropName",
        "label": "Crop",
        "title": "Crop",
        "defaultColumn": true,
        "order": 5,
        "editable": "never",
        "width": "150px"
      },
      {
        "field": "target",
        "label": "Target",
        "title": "Target",
        "defaultColumn": true,
        "order": 6,
        "editable": "never",
        "width": "200px"
      },
      {
        "field": "newportCategory",
        "label": "Project Category",
        "title": "Project Category",
        "grouping": true,
        "defaultColumn": true,
        "order": 7,
        "editable": "never"
      },
      {
        "field": "newportBusinessUnit",
        "label": "Business Unit",
        "title": "Business Unit",
        "defaultColumn": true,
        "order": 8,
        "editable": "never"
      },
      {
        "field": "ptrsSegmentOverallScore",
        "label": "PTRS Score (%)",
        "title": "Segment PTRS (%)",
        "formatter": "toPercent",
        "parser": "fromPercent",
        "defaultColumn": true,
        "order": 10,
        "type": "numeric",
        "editable": "never",
        "width": "200px"
      },
      {
        "field": "isQuickScanNotApplicable",
        "label": "Quickscan Applicable",
        "title": "Quickscan Applicable",
        "defaultColumn": true,
        "order": 11,
        "editable": "never"
      },

      {
        "field": "subRegionName",
        "label": "Sub-Region",
        "title": "Sub-Region",
        "order": 12,
        "editable": "never"
      },
      {
        "field": "regionName",
        "label": "Region",
        "title": "Region",
        "order": 13,
        "editable": "never"
      },
      {
        "field": "quickscanAssessmentId",
        "label": "QuickScan Assessment Id",
        "title": "QuickScan Assessment Id",
        "order": 14,
        "formatter": "toNumber"
      },
      {
        "field": "id",
        "label": "PRECISE Segment ID",
        "title": "Segment ID",
        "order": 15,
        "editable": "never"
      },
      {
        "field": "newportLaunchYearCountry",
        "label": "Product Launch (NewPort)",
        "title": "Product Launch (NewPort)",
        "order": 17,
        "type": "date",
        "editable": "never"
      },
      {
        "field": "newportLaunchYearSegment",
        "label": "Launch Year (Segment)",
        "title": "Launch Year",
        "order": 18,
        "editable": "never",
        "width": "150px"
      },
      {
        "field": "newportGlobalNpvYear10",
        "label": "NPV Year 10 (k€)",
        "title": "NPV Year 10 (k€)",
        "formatter": "withThousandSeparator",
        "order": 19,
        "type": "numeric",
        "editable": "never",
        "width": "200px"
      },
      {
        "field": "newportGlobalExpectedNpvYear10",
        "label": "Expected NPV Year 10 (k€)",
        "title": "Expected NPV Year 10 (k€)",
        "formatter": "withThousandSeparator",
        "order": 20,
        "type": "numeric",
        "editable": "never"
      },
      {
        "field": "newportGlobalPeakNetSales",
        "label": "Peak Net Sales (k€)",
        "title": "Peak Net Sales (k€)",
        "formatter": "withThousandSeparator",
        "order": 21,
        "type": "numeric",
        "editable": "never",
        "width": "200px"
      },
      {
        "field": "newportGlobalPeakNetSalesYear",
        "label": "Peak Net Sales Year (k€)",
        "title": "Peak Net Sales Year (k€)",
        "formatter": "withThousandSeparator",
        "order": 22,
        "type": "numeric",
        "editable": "never"
      },
      {
        "field": "newportGlobalPeakNetSalesIncremental",
        "label": "Inc. Peak Net Sales (k€)",
        "title": "Inc. Peak Net Sales (k€)",
        "formatter": "withThousandSeparator",
        "type": "numeric",
        "order": 23,
        "editable": "never",
        "width": "300px"
      },
      {
        "field": "newportGlobalIgmPeakYear",
        "label": "IGM Peak Year",
        "title": "IGM Peak Year",
        "formatter": "withThousandSeparator",
        "type": "numeric",
        "order": 24,
        "editable": "never",
        "width": "200px"
      },
      {
        "field": "newportGlobalPeakYearIgmIncremental",
        "label": "Inc. IGM at Peak",
        "title": "Inc. IGM at Peak",
        "formatter": "withThousandSeparator",
        "order": 25,
        "type": "numeric",
        "editable": "never"
      },
      {
        "field": "newportGlobalFutureProjectCost",
        "label": "Future Project Cost (k€)",
        "title": "Future Project Cost (k€)",
        "formatter": "withThousandSeparator",
        "order": 26,
        "type": "numeric",
        "editable": "never",
        "width": "300px"
      },
      {
        "field": "newportGlobalIncrementalNetSales",
        "label": "Incremental Net Sales (k€)",
        "title": "Incremental Net Sales (k€)",
        "formatter": "withThousandSeparator",
        "order": 27,
        "type": "numeric",
        "editable": "never"
      },
      {
        "field": "newportGlobalProductivityIndex",
        "label": "Productivity Index",
        "title": "Productivity Index",
        "formatter": "withThousandSeparator",
        "type": "numeric",
        "order": 28,
        "editable": "never",
        "width": "200px"
      },
      {
        "field": "newportGlobalPaybackYear",
        "label": "Payback Year",
        "title": "Payback Year",
        "formatter": "withThousandSeparator",
        "order": 29,
        "type": "numeric",
        "editable": "never"
      },
      {
        "field": "newportGlobalPaybackTime",
        "label": "Payback Time",
        "title": "Payback Time",
        "formatter": "withThousandSeparator",
        "order": 30,
        "type": "numeric",
        "editable": "never"
      },
      {
        "field": "newportGlobalSalesVolume",
        "label": "Sales Volume (k€)",
        "title": "Sales Volume (k€)",
        "formatter": "withThousandSeparator",
        "order": 31,
        "hiddenColumn": true,
        "type": "numeric",
        "editable": "never"
      },
      {
        "field": "newportGlobalAggregatedVolume",
        "label": "Aggregated Volume (k€)",
        "title": "Aggregated Volume (k€)",
        "formatter": "withThousandSeparator",
        "order": 32,
        "hiddenColumn": true,
        "type": "numeric",
        "editable": "never"
      },
      {
        "field": "newportLaunchYearNetSales",
        "label": "Launch Year (NetSales)",
        "title": "Launch Year (NetSales)",
        "order": 33,
        "hiddenColumn": true,
        "editable": "never"
      },
      {
        "field": "newportSubmissionYear",
        "label": "Submission Year",
        "title": "Submission Year",
        "order": 34,
        "hiddenColumn": true,
        "editable": "never"
      },
      {
        "field": "regprimeZNumber",
        "label": "RegPrime Z-Number",
        "title": "RegPrime Z-Number",
        "order": 35,
        "editable": "never"
      },
      {
        "field": "regprimeSequenceNumber",
        "label": "RegPrime Sequence-Number",
        "title": "RegPrime Sequence-Number",
        "order": 36,
        "editable": "never"
      },
      {
        "field": "fsPtrsScore",
        "label": "FS PTRS Score (%)",
        "title": "FS Score (%)",
        "formatter": "toPercent",
        "parser": "fromPercent",
        "auditLogFields": ["fsPtrsScore", "fsPtrsScoreRmk"],
        "order": 37,
        "type": "numeric",
        "width": "130px"
      },
      {
        "field": "fsPtrsScoreRmk",
        "label": "FS PTRS Rationale",
        "title": "FS Rationale",
        "order": 38
      },
      {
        "field": "rsRegPtrsScore",
        "label": "RS PTRS Score (%)",
        "title": "RS Score (%)",
        "formatter": "toPercent",
        "parser": "fromPercent",
        "auditLogFields": ["rsRegPtrsScore", "rsRegPtrsScoreRmk"],
        "order": 39,
        "type": "numeric",
        "width": "130px"
      },
      {
        "field": "rsRegPtrsScoreRmk",
        "label": "RS PTRS Rationale",
        "title": "RS Rationale",
        "order": 40
      },
      {
        "field": "ptrsFollowUp",
        "label": "Marked for Follow Up",
        "title": "Marked for Follow Up",
        "order": 41,
        "formatter": "toBoolean",
        "lookup": { "true": "Yes", "null": "No" }
      },
      {
        "field": "prioritizationGovernance",
        "label": "Priority Governance",
        "title": "Priority Governance",
        "order": 42,
        "hiddenColumn": true,
        "lookup": { "GLOBAL": "Global", "REGIONAL": "Regional" }
      },
      {
        "field": "prioritizationType",
        "label": "Segment Priority",
        "title": "Segment Priority",
        "order": 43,
        "hiddenColumn": true,
        "lookup": { "A": "A", "B": "B", "Cancelled": "Cancelled", "null": "No Category" }
      },
      {
        "field": "prioritizationRmk",
        "label": "Priority Rationale",
        "title": "Priority Rationale",
        "hiddenColumn": true,
        "auditLogFields": ["prioritizationGovernance", "prioritizationType", "prioritizationRmk"],
        "order": 44
      },
      {
        "field": "launchDate",
        "label": "Lauch Date",
        "title": "Lauch Date",
        "auditLogFields": ["launchDate"],
        "order": 45
      },
      {
        "field": "submissionDate",
        "label": "Submission Date",
        "title": "Submission Date",
        "auditLogFields": ["submissionDate"],
        "hiddenColumn": true,
        "order": 46
      },
      {
        "field": "cropPlatformName",
        "label": "Crop Platform",
        "title": "Crop Platform",
        "order": 47,
        "editable": "never"
      },
      {
        "field": "cropGroupName",
        "label": "Crop Group",
        "title": "Crop Group",
        "order": 48,
        "editable": "never"
      },
      {
        "field": "rsRegProductPtrsScore",
        "label": "Product  (%)",
        "title": "Product  (%)",
        "formatter": "toPercent",
        "parser": "fromPercent",
        "auditLogFields": ["rsRegProductPtrsScore", "rsRegProductPtrsScoreRmk"],
        "order": 49,
        "type": "numeric",
        "hiddenColumn": true
      },
      {
        "field": "rsRegProductPtrsScoreRmk",
        "label": "Product Rationale",
        "title": "Product Rationale",
        "order": 50,
        "hiddenColumn": true
      },
      {
        "field": "rsRegDietaryPtrsScore",
        "label": "Dietary Score (%)",
        "title": "Dietary Score (%)",
        "formatter": "toPercent",
        "parser": "fromPercent",
        "auditLogFields": ["rsRegDietaryPtrsScore", "rsRegDietaryPtrsScoreRmk"],
        "order": 51,
        "type": "numeric",
        "editable": "never"
      },
      {
        "field": "rsRegDietaryPtrsScoreRmk",
        "label": "Dietary  Rationale",
        "title": "Dietary  Rationale",
        "order": 52,
        "editable": "never"
      },
      {
        "field": "rsOccupationalResidentialExposurePtrsScore",
        "label": "Occupational & Residential Exposure Score (%)",
        "title": "Occupational & Residential Exposure Score (%)",
        "formatter": "toPercent",
        "parser": "fromPercent",
        "auditLogFields": [
          "rsOccupationalResidentialExposurePtrsScore",
          "rsOccupationalResidentialExposurePtrsScoreRmk"
        ],
        "order": 53,
        "type": "numeric",
        "editable": "never"
      },
      {
        "field": "rsOccupationalResidentialExposurePtrsScoreRmk",
        "label": "Occupational & Residential Exposure  Rationale",
        "title": "Occupational & Residential Exposure  Rationale",
        "order": 54,
        "editable": "never"
      },
      {
        "field": "rsToxicologyPtrsScore",
        "label": "Toxicology Score (%)",
        "title": "Toxicology Score (%)",
        "formatter": "toPercent",
        "parser": "fromPercent",
        "auditLogFields": ["rsToxicologyPtrsScore", "rsToxicologyPtrsScoreRmk"],
        "order": 55,
        "type": "numeric",
        "editable": "never"
      },
      {
        "field": "rsToxicologyPtrsScoreRmk",
        "label": "Toxicology  Rationale",
        "title": "Toxicology  Rationale",
        "order": 56,
        "editable": "never"
      },
      {
        "field": "rsEcotoxPtrsScore",
        "label": "Ecotox Score (%)",
        "title": "Ecotox Score (%)",
        "formatter": "toPercent",
        "parser": "fromPercent",
        "auditLogFields": ["rsEcotoxPtrsScore", "rsEcotoxPtrsScoreRmk"],
        "order": 57,
        "type": "numeric",
        "editable": "never"
      },
      {
        "field": "rsEcotoxPtrsScoreRmk",
        "label": "Ecotox  Rationale",
        "title": "Ecotox  Rationale",
        "order": 58,
        "editable": "never"
      },
      {
        "field": "rsEfatePtrsScore",
        "label": "Efate Score (%)",
        "title": "Efate Score (%)",
        "formatter": "toPercent",
        "parser": "fromPercent",
        "auditLogFields": ["rsEfatePtrsScore", "rsEfatePtrsScoreRmk"],
        "order": 59,
        "type": "numeric",
        "editable": "never"
      },
      {
        "field": "rsEfatePtrsScoreRmk",
        "label": "Efate  Rationale",
        "title": "Efate  Rationale",
        "order": 60,
        "editable": "never"
      },
      {
        "field": "rsLocalRestrictionPolicyPtrsScore",
        "label": "Local Restriction_Policy (%)",
        "title": "Local Restriction_Policy (%)",
        "formatter": "toPercent",
        "parser": "fromPercent",
        "auditLogFields": [
          "rsLocalRestrictionPolicyPtrsScore",
          "rsLocalRestrictionPolicyPtrsScoreRmk"
        ],
        "order": 61,
        "type": "numeric",
        "hiddenColumn": true
      },
      {
        "field": "rsLocalRestrictionPolicyPtrsScoreRmk",
        "label": "Local Restriction_Policy Rationale",
        "title": "Local Restriction_Policy Rationale",
        "order": 62,
        "hiddenColumn": true
      },
      {
        "field": "rsLocalRestrictionOthersPtrsScore",
        "label": "Local Restriction_Others (%)",
        "title": "Local Restriction_Others (%)",
        "formatter": "toPercent",
        "parser": "fromPercent",
        "auditLogFields": [
          "rsLocalRestrictionOthersPtrsScore",
          "rsLocalRestrictionOthersPtrsScoreRmk"
        ],
        "order": 63,
        "type": "numeric",
        "hiddenColumn": true
      },
      {
        "field": "rsLocalRestrictionOthersPtrsScoreRmk",
        "label": "Local Restriction_Others Rationale",
        "title": "Local Restriction_Others Rationale",
        "order": 64,
        "hiddenColumn": true
      },
      {
        "field": "rsForeignInfluencePtrsScore",
        "label": "Foreign Influence (%)",
        "title": "Foreign Influence (%)",
        "formatter": "toPercent",
        "parser": "fromPercent",
        "auditLogFields": ["rsForeignInfluencePtrsScore", "rsForeignInfluencePtrsScoreRmk"],
        "order": 65,
        "type": "numeric",
        "hiddenColumn": true
      },
      {
        "field": "rsForeignInfluencePtrsScoreRmk",
        "label": "Foreign Influence Rationale",
        "title": "Foreign Influence Rationale",
        "order": 66,
        "hiddenColumn": true
      },
      {
        "field": "rsRegistrationPtrsScore",
        "label": "Registration Score (%)",
        "title": "Registration Score (%)",
        "formatter": "toPercent",
        "parser": "fromPercent",
        "auditLogFields": ["rsRegistrationPtrsScore", "rsRegistrationPtrsScoreRmk"],
        "order": 67,
        "type": "numeric",
        "editable": "never"
      },
      {
        "field": "rsRegistrationPtrsScoreRmk",
        "label": "Registration Rationale",
        "title": "Registration Rationale",
        "order": 68,
        "editable": "never"
      },
      {
        "field": "creationDate",
        "label": "Segment Creation Date",
        "title": "Segment Creation Date",
        "order": 69,
        "editable": "never"
      },
      {
        "field": "countryType",
        "label": "Segment Country Type",
        "title": "Segment Country Type",
        "order": 70,
        "editable": "never"
      },
      {
        "field": "registrationStatus",
        "label": "Regprime Registration Status",
        "title": "Regprime Registration Status",
        "order": 71,
        "editable": "never",
        "hiddenColumn": true
      }
    ]
  }
}
